-- shelter data insert
insert into shelter (shelter_id, branch_name, contact, latitude, longitude) values (1, 'Stehr, Ondricka and Kautzer', '590-323-7444', 43.1553222, 5.8998183);
insert into shelter (shelter_id, branch_name, contact, latitude, longitude) values (2, 'Hoppe, Huels and Senger', '470-615-6255', 4.5775693, 28.3987842);
insert into shelter (shelter_id, branch_name, contact, latitude, longitude) values (3, 'Schumm, Hackett and Johns', '713-499-5852', 41.54142, 24.6964808);
insert into shelter (shelter_id, branch_name, contact, latitude, longitude) values (4, 'Cassin and Sons', '661-843-4502', 34.5925622, -117.8194197);
insert into shelter (shelter_id, branch_name, contact, latitude, longitude) values (5, 'Yost Inc', '308-668-1163', 11.7447935, 12.1818557);
insert into shelter (shelter_id, branch_name, contact, latitude, longitude) values (6, 'Russel, Howell and Carroll', '629-645-0484', 31.962594, 35.065976);
insert into shelter (shelter_id, branch_name, contact, latitude, longitude) values (7, 'Rolfson, Bayer and Denesik', '899-486-0733', -2.5421083, -44.3290923);
insert into shelter (shelter_id, branch_name, contact, latitude, longitude) values (8, 'Reichert-Von', '626-637-5606', 48.2824698, 25.1584914);
insert into shelter (shelter_id, branch_name, contact, latitude, longitude) values (9, 'Abernathy, D''Amore and Hartmann', '686-963-8483', -32.947692, -60.6743215);
insert into shelter (shelter_id, branch_name, contact, latitude, longitude) values (10, 'Turcotte-Stamm', '299-199-6330', 0.0511839, 32.463708);
insert into shelter (shelter_id, branch_name, contact, latitude, longitude) values (11, 'Reilly Inc', '771-892-3143', 38.5691786, -9.0814271);
insert into shelter (shelter_id, branch_name, contact, latitude, longitude) values (12, 'Ullrich-Waters', '824-748-3580', -8.2247589, 112.5781478);
insert into shelter (shelter_id, branch_name, contact, latitude, longitude) values (13, 'Huel-Ratke', '433-830-2032', 13.9142931, -87.921223);
insert into shelter (shelter_id, branch_name, contact, latitude, longitude) values (14, 'Monahan, Osinski and Rice', '150-740-4479', 47.3080493, 5.0488236);
insert into shelter (shelter_id, branch_name, contact, latitude, longitude) values (15, 'Pfannerstill, Daniel and Kulas', '650-822-8197', 33.170904, 115.623491);
insert into shelter (shelter_id, branch_name, contact, latitude, longitude) values (16, 'Brown-Tremblay', '194-866-7058', 13.5192458, -87.6001222);
insert into shelter (shelter_id, branch_name, contact, latitude, longitude) values (17, 'Gusikowski-Koelpin', '788-367-0401', 14.67199, 43.81828);
insert into shelter (shelter_id, branch_name, contact, latitude, longitude) values (18, 'Lakin and Sons', '209-594-6938', 37.9642589, -121.2569138);
insert into shelter (shelter_id, branch_name, contact, latitude, longitude) values (19, 'Lakin LLC', '949-187-4608', -6.7836529, 111.1384418);
insert into shelter (shelter_id, branch_name, contact, latitude, longitude) values (20, 'Blanda-Baumbach', '463-146-2551', 31.267134, 120.7062535);
insert into shelter (shelter_id, branch_name, contact, latitude, longitude) values (21, 'Balistreri-Schulist', '129-872-7796', 19.2232969, -70.5126462);
insert into shelter (shelter_id, branch_name, contact, latitude, longitude) values (22, 'Waelchi-Gusikowski', '389-798-8361', -8.3225345, 121.7081454);
insert into shelter (shelter_id, branch_name, contact, latitude, longitude) values (23, 'Howe, Buckridge and Mills', '121-234-9092', 49.444308, 19.9504449);
insert into shelter (shelter_id, branch_name, contact, latitude, longitude) values (24, 'Johnston-Marvin', '900-903-3537', 27.279995, 100.266091);
insert into shelter (shelter_id, branch_name, contact, latitude, longitude) values (25, 'Fritsch Inc', '424-894-4048', 52.6630895, 38.4290322);
insert into shelter (shelter_id, branch_name, contact, latitude, longitude) values (26, 'Buckridge, Ebert and Kreiger', '564-737-2971', 59.79769, 30.5550816);
insert into shelter (shelter_id, branch_name, contact, latitude, longitude) values (27, 'Ziemann, Hyatt and Muller', '925-415-7717', 13.622392, -87.6556468);
insert into shelter (shelter_id, branch_name, contact, latitude, longitude) values (28, 'Wolff, Upton and Cummerata', '263-925-0092', 49.1449758, 13.2297698);
insert into shelter (shelter_id, branch_name, contact, latitude, longitude) values (29, 'Volkman, Fadel and Macejkovic', '851-823-8433', 14.295795, 120.9905117);
insert into shelter (shelter_id, branch_name, contact, latitude, longitude) values (30, 'Becker, Satterfield and Reichel', '774-153-2645', 45.4075606, 13.9651276);
insert into shelter (shelter_id, branch_name, contact, latitude, longitude) values (31, 'Block-Hudson', '576-373-3478', 43.4750998, 1.7205437);
insert into shelter (shelter_id, branch_name, contact, latitude, longitude) values (32, 'Huels-Anderson', '503-257-2102', -36.999012, 174.876524);
insert into shelter (shelter_id, branch_name, contact, latitude, longitude) values (33, 'Leannon Group', '931-838-2266', 11.3269147, 124.116652);
insert into shelter (shelter_id, branch_name, contact, latitude, longitude) values (34, 'Daniel, Koepp and Labadie', '552-688-8348', 41.551649, -8.5906434);
insert into shelter (shelter_id, branch_name, contact, latitude, longitude) values (35, 'Keeling-Howe', '531-330-8956', 5.6165948, 7.0364022);
insert into shelter (shelter_id, branch_name, contact, latitude, longitude) values (36, 'Pagac, Keebler and Jacobi', '806-594-9398', 5.6810774, 95.1171505);
insert into shelter (shelter_id, branch_name, contact, latitude, longitude) values (37, 'Jacobi, Emard and Runte', '925-298-3343', 50.5664031, 19.5697659);
insert into shelter (shelter_id, branch_name, contact, latitude, longitude) values (38, 'Bashirian-Trantow', '609-893-4031', 0.0208039, -51.0678473);
insert into shelter (shelter_id, branch_name, contact, latitude, longitude) values (39, 'Upton Group', '826-137-8009', 59.4205168, 17.8434702);
insert into shelter (shelter_id, branch_name, contact, latitude, longitude) values (40, 'Hayes-McKenzie', '169-568-9319', 57.5384659, 25.4263618);
insert into shelter (shelter_id, branch_name, contact, latitude, longitude) values (41, 'Keebler Inc', '931-121-1824', -7.003771, 108.2257659);
insert into shelter (shelter_id, branch_name, contact, latitude, longitude) values (42, 'Moore, Yundt and Streich', '935-493-4115', 8.3430803, 126.3177067);
insert into shelter (shelter_id, branch_name, contact, latitude, longitude) values (43, 'Cummings Group', '931-234-9197', -6.7487502, 111.0318829);
insert into shelter (shelter_id, branch_name, contact, latitude, longitude) values (44, 'Wiza LLC', '980-685-8370', 49.829369, 19.6728793);
insert into shelter (shelter_id, branch_name, contact, latitude, longitude) values (45, 'Blick, Altenwerth and Medhurst', '920-599-2070', -8.1913524, 114.678669);
insert into shelter (shelter_id, branch_name, contact, latitude, longitude) values (46, 'Purdy and Sons', '904-867-0810', 37.2484774, 138.4445735);
insert into shelter (shelter_id, branch_name, contact, latitude, longitude) values (47, 'Koepp, Zulauf and Kulas', '770-734-6105', 4.1382779, 97.286868);
insert into shelter (shelter_id, branch_name, contact, latitude, longitude) values (48, 'McGlynn-Mraz', '968-853-5244', -6.308009, 155.477221);
insert into shelter (shelter_id, branch_name, contact, latitude, longitude) values (49, 'MacGyver, Blick and Bogan', '690-221-6224', 14.3413508, 45.0746646);
insert into shelter (shelter_id, branch_name, contact, latitude, longitude) values (50, 'Frami LLC', '899-190-2462', -26.1317461, 28.2953986);

-- animal data insert
insert into animal (age, check_up, is_neutralized, shelter_id, species, gender, image_url, size, breed, animal_id) values (3, 0, 1, 13, 'DOG', 'MALE', 'https://storage.googleapis.com/solution-challenge-bucket/dog-breeds/beagle/beagle1.jpg', 'LARGE', 'BEAGLE', 1);
insert into animal (age, check_up, is_neutralized, shelter_id, species, gender, image_url, size, breed, animal_id) values (1, 0, 1, 40, 'DOG', 'FEMALE', 'https://storage.googleapis.com/solution-challenge-bucket/dog-breeds/beagle/beagle1.jpg', 'MEDIUM', 'BEAGLE', 2);
insert into animal (age, check_up, is_neutralized, shelter_id, species, gender, image_url, size, breed, animal_id) values (11, 0, 1, 10, 'DOG', 'FEMALE', 'https://storage.googleapis.com/solution-challenge-bucket/dog-breeds/beagle/beagle1.jpg', 'MINIATURE', 'BEAGLE', 3);
insert into animal (age, check_up, is_neutralized, shelter_id, species, gender, image_url, size, breed, animal_id) values (7, 1, 0, 11, 'DOG', 'MALE', 'https://storage.googleapis.com/solution-challenge-bucket/dog-breeds/beagle/beagle1.jpg', 'SMALL', 'BEAGLE', 4);
insert into animal (age, check_up, is_neutralized, shelter_id, species, gender, image_url, size, breed, animal_id) values (2, 0, 1, 15, 'DOG', 'FEMALE', 'https://storage.googleapis.com/solution-challenge-bucket/dog-breeds/bulldog/bulldog1.jpg', 'EXTRA_LARGE', 'BULLDOG', 5);
insert into animal (age, check_up, is_neutralized, shelter_id, species, gender, image_url, size, breed, animal_id) values (8, 0, 1, 15, 'DOG', 'FEMALE', 'https://storage.googleapis.com/solution-challenge-bucket/dog-breeds/bulldog/bulldog1.jpg', 'LARGE', 'BULLDOG', 6);
insert into animal (age, check_up, is_neutralized, shelter_id, species, gender, image_url, size, breed, animal_id) values (1, 0, 1, 3, 'DOG', 'MALE', 'https://storage.googleapis.com/solution-challenge-bucket/dog-breeds/bulldog/bulldog1.jpg', 'MEDIUM', 'BULLDOG', 7);
insert into animal (age, check_up, is_neutralized, shelter_id, species, gender, image_url, size, breed, animal_id) values (7, 0, 0, 9, 'DOG', 'FEMALE', 'https://storage.googleapis.com/solution-challenge-bucket/dog-breeds/bulldog/bulldog1.jpg', 'MINIATURE', 'BULLDOG', 8);
insert into animal (age, check_up, is_neutralized, shelter_id, species, gender, image_url, size, breed, animal_id) values (8, 0, 1, 13, 'DOG', 'FEMALE', 'https://storage.googleapis.com/solution-challenge-bucket/dog-breeds/dalmatian/dalmatian1.jpg', 'SMALL', 'DALMATIAN', 9);
insert into animal (age, check_up, is_neutralized, shelter_id, species, gender, image_url, size, breed, animal_id) values (5, 1, 1, 32, 'DOG', 'FEMALE', 'https://storage.googleapis.com/solution-challenge-bucket/dog-breeds/dalmatian/dalmatian1.jpg', 'EXTRA_LARGE', 'DALMATIAN', 10);
insert into animal (age, check_up, is_neutralized, shelter_id, species, gender, image_url, size, breed, animal_id) values (7, 0, 0, 11, 'DOG', 'MALE', 'https://storage.googleapis.com/solution-challenge-bucket/dog-breeds/dalmatian/dalmatian1.jpg', 'LARGE', 'DALMATIAN', 11);
insert into animal (age, check_up, is_neutralized, shelter_id, species, gender, image_url, size, breed, animal_id) values (8, 1, 1, 13, 'DOG', 'FEMALE', 'https://storage.googleapis.com/solution-challenge-bucket/dog-breeds/dalmatian/dalmatian1.jpg', 'MEDIUM', 'DALMATIAN', 12);
insert into animal (age, check_up, is_neutralized, shelter_id, species, gender, image_url, size, breed, animal_id) values (7, 0, 1, 25, 'DOG', 'FEMALE', 'https://storage.googleapis.com/solution-challenge-bucket/dog-breeds/german-shepherd/german-shepherd1.jpg', 'MINIATURE', 'GERMAN_SHEPHERD', 13);
insert into animal (age, check_up, is_neutralized, shelter_id, species, gender, image_url, size, breed, animal_id) values (12, 1, 0, 9, 'DOG', 'FEMALE', 'https://storage.googleapis.com/solution-challenge-bucket/dog-breeds/german-shepherd/german-shepherd1.jpg', 'SMALL', 'GERMAN_SHEPHERD', 14);
insert into animal (age, check_up, is_neutralized, shelter_id, species, gender, image_url, size, breed, animal_id) values (12, 1, 0, 28, 'DOG', 'MALE', 'https://storage.googleapis.com/solution-challenge-bucket/dog-breeds/german-shepherd/german-shepherd1.jpg', 'EXTRA_LARGE', 'GERMAN_SHEPHERD', 15);
insert into animal (age, check_up, is_neutralized, shelter_id, species, gender, image_url, size, breed, animal_id) values (11, 1, 1, 15, 'DOG', 'FEMALE', 'https://storage.googleapis.com/solution-challenge-bucket/dog-breeds/german-shepherd/german-shepherd1.jpg', 'LARGE', 'GERMAN_SHEPHERD', 16);
insert into animal (age, check_up, is_neutralized, shelter_id, species, gender, image_url, size, breed, animal_id) values (3, 1, 1, 23, 'DOG', 'FEMALE', 'https://storage.googleapis.com/solution-challenge-bucket/dog-breeds/husky/husky1.jpg', 'MEDIUM', 'SIBERIAN_HUSKY', 17);
insert into animal (age, check_up, is_neutralized, shelter_id, species, gender, image_url, size, breed, animal_id) values (2, 1, 0, 17, 'DOG', 'MALE', 'https://storage.googleapis.com/solution-challenge-bucket/dog-breeds/husky/husky1.jpg', 'MINIATURE', 'SIBERIAN_HUSKY', 18);
insert into animal (age, check_up, is_neutralized, shelter_id, species, gender, image_url, size, breed, animal_id) values (1, 0, 1, 37, 'DOG', 'MALE', 'https://storage.googleapis.com/solution-challenge-bucket/dog-breeds/husky/husky1.jpg', 'SMALL', 'SIBERIAN_HUSKY', 19);
insert into animal (age, check_up, is_neutralized, shelter_id, species, gender, image_url, size, breed, animal_id) values (5, 0, 1, 22, 'DOG', 'MALE', 'https://storage.googleapis.com/solution-challenge-bucket/dog-breeds/husky/husky1.jpg', 'EXTRA_LARGE', 'SIBERIAN_HUSKY', 20);
insert into animal (age, check_up, is_neutralized, shelter_id, species, gender, image_url, size, breed, animal_id) values (1, 1, 0, 17, 'DOG', 'MALE', 'https://storage.googleapis.com/solution-challenge-bucket/dog-breeds/labrador-retriever/labrador-retriever1.jpg', 'LARGE', 'LABRADOR_RETRIEVER', 21);
insert into animal (age, check_up, is_neutralized, shelter_id, species, gender, image_url, size, breed, animal_id) values (3, 1, 0, 40, 'DOG', 'MALE', 'https://storage.googleapis.com/solution-challenge-bucket/dog-breeds/labrador-retriever/labrador-retriever1.jpg', 'MEDIUM', 'LABRADOR_RETRIEVER', 22);
insert into animal (age, check_up, is_neutralized, shelter_id, species, gender, image_url, size, breed, animal_id) values (9, 1, 0, 43, 'DOG', 'FEMALE', 'https://storage.googleapis.com/solution-challenge-bucket/dog-breeds/labrador-retriever/labrador-retriever1.jpg', 'MINIATURE', 'LABRADOR_RETRIEVER', 23);
insert into animal (age, check_up, is_neutralized, shelter_id, species, gender, image_url, size, breed, animal_id) values (9, 1, 0, 24, 'DOG', 'FEMALE', 'https://storage.googleapis.com/solution-challenge-bucket/dog-breeds/labrador-retriever/labrador-retriever1.jpg', 'SMALL', 'LABRADOR_RETRIEVER', 24);
insert into animal (age, check_up, is_neutralized, shelter_id, species, gender, image_url, size, breed, animal_id) values (11, 0, 0, 29, 'DOG', 'FEMALE', 'https://storage.googleapis.com/solution-challenge-bucket/dog-breeds/poodle/poodle1.jpg', 'EXTRA_LARGE', 'POODLE', 25);
insert into animal (age, check_up, is_neutralized, shelter_id, species, gender, image_url, size, breed, animal_id) values (9, 0, 1, 39, 'DOG', 'FEMALE', 'https://storage.googleapis.com/solution-challenge-bucket/dog-breeds/poodle/poodle1.jpg', 'LARGE', 'POODLE', 26);
insert into animal (age, check_up, is_neutralized, shelter_id, species, gender, image_url, size, breed, animal_id) values (7, 0, 0, 6, 'DOG', 'FEMALE', 'https://storage.googleapis.com/solution-challenge-bucket/dog-breeds/poodle/poodle1.jpg', 'MEDIUM', 'POODLE', 27);
insert into animal (age, check_up, is_neutralized, shelter_id, species, gender, image_url, size, breed, animal_id) values (10, 1, 0, 9, 'DOG', 'MALE', 'https://storage.googleapis.com/solution-challenge-bucket/dog-breeds/poodle/poodle1.jpg', 'MINIATURE', 'POODLE', 28);
insert into animal (age, check_up, is_neutralized, shelter_id, species, gender, image_url, size, breed, animal_id) values (4, 1, 0, 9, 'DOG', 'FEMALE', 'https://storage.googleapis.com/solution-challenge-bucket/dog-breeds/rottweiler/rottweiler1.jpg', 'SMALL', 'ROTTWEILER', 29);
insert into animal (age, check_up, is_neutralized, shelter_id, species, gender, image_url, size, breed, animal_id) values (9, 1, 1, 15, 'DOG', 'FEMALE', 'https://storage.googleapis.com/solution-challenge-bucket/dog-breeds/rottweiler/rottweiler1.jpg', 'EXTRA_LARGE', 'ROTTWEILER', 30);
insert into animal (age, check_up, is_neutralized, shelter_id, species, gender, image_url, size, breed, animal_id) values (2, 0, 1, 40, 'DOG', 'FEMALE', 'https://storage.googleapis.com/solution-challenge-bucket/dog-breeds/rottweiler/rottweiler1.jpg', 'LARGE', 'ROTTWEILER', 31);
insert into animal (age, check_up, is_neutralized, shelter_id, species, gender, image_url, size, breed, animal_id) values (2, 0, 1, 22, 'DOG', 'FEMALE', 'https://storage.googleapis.com/solution-challenge-bucket/dog-breeds/rottweiler/rottweiler1.jpg', 'MEDIUM', 'ROTTWEILER', 32);

-- animal color data insert
insert into animal_color (animal_id, color) values (28, 'WHITE');
insert into animal_color (animal_id, color) values (23, 'WHITE');
insert into animal_color (animal_id, color) values (31, 'YELLOW');
insert into animal_color (animal_id, color) values (9, 'WHITE');
insert into animal_color (animal_id, color) values (29, 'BROWN');
insert into animal_color (animal_id, color) values (9, 'BLACK');
insert into animal_color (animal_id, color) values (20, 'BROWN');
insert into animal_color (animal_id, color) values (16, 'BROWN');
insert into animal_color (animal_id, color) values (28, 'BROWN');
insert into animal_color (animal_id, color) values (10, 'WHITE');
insert into animal_color (animal_id, color) values (32, 'YELLOW');
insert into animal_color (animal_id, color) values (14, 'YELLOW');
insert into animal_color (animal_id, color) values (27, 'GRAY');
insert into animal_color (animal_id, color) values (15, 'BLACK');
insert into animal_color (animal_id, color) values (6, 'BLACK');
insert into animal_color (animal_id, color) values (28, 'BLACK');
insert into animal_color (animal_id, color) values (29, 'GRAY');
insert into animal_color (animal_id, color) values (12, 'WHITE');
insert into animal_color (animal_id, color) values (26, 'YELLOW');
insert into animal_color (animal_id, color) values (16, 'BLACK');
insert into animal_color (animal_id, color) values (19, 'BLACK');
insert into animal_color (animal_id, color) values (25, 'YELLOW');
insert into animal_color (animal_id, color) values (20, 'WHITE');
insert into animal_color (animal_id, color) values (18, 'WHITE');
insert into animal_color (animal_id, color) values (14, 'BROWN');
insert into animal_color (animal_id, color) values (11, 'GRAY');
insert into animal_color (animal_id, color) values (30, 'BROWN');
insert into animal_color (animal_id, color) values (4, 'BROWN');
insert into animal_color (animal_id, color) values (7, 'BROWN');
insert into animal_color (animal_id, color) values (26, 'YELLOW');
insert into animal_color (animal_id, color) values (26, 'BLACK');
insert into animal_color (animal_id, color) values (19, 'BROWN');
insert into animal_color (animal_id, color) values (16, 'WHITE');
insert into animal_color (animal_id, color) values (2, 'BROWN');
insert into animal_color (animal_id, color) values (3, 'WHITE');
insert into animal_color (animal_id, color) values (18, 'BROWN');
insert into animal_color (animal_id, color) values (22, 'GRAY');
insert into animal_color (animal_id, color) values (25, 'YELLOW');
insert into animal_color (animal_id, color) values (29, 'WHITE');
insert into animal_color (animal_id, color) values (22, 'WHITE');
insert into animal_color (animal_id, color) values (1, 'BLACK');
insert into animal_color (animal_id, color) values (21, 'GRAY');
insert into animal_color (animal_id, color) values (17, 'BLACK');
insert into animal_color (animal_id, color) values (28, 'BLACK');
insert into animal_color (animal_id, color) values (30, 'BROWN');
insert into animal_color (animal_id, color) values (23, 'BROWN');
insert into animal_color (animal_id, color) values (31, 'BROWN');
insert into animal_color (animal_id, color) values (5, 'YELLOW');
insert into animal_color (animal_id, color) values (31, 'GRAY');
insert into animal_color (animal_id, color) values (27, 'BLACK');
insert into animal_color (animal_id, color) values (28, 'YELLOW');
insert into animal_color (animal_id, color) values (32, 'WHITE');
insert into animal_color (animal_id, color) values (20, 'BLACK');
insert into animal_color (animal_id, color) values (30, 'BLACK');
insert into animal_color (animal_id, color) values (7, 'WHITE');
insert into animal_color (animal_id, color) values (28, 'GRAY');
insert into animal_color (animal_id, color) values (4, 'GRAY');
insert into animal_color (animal_id, color) values (8, 'BROWN');
insert into animal_color (animal_id, color) values (23, 'WHITE');
insert into animal_color (animal_id, color) values (19, 'WHITE');
insert into animal_color (animal_id, color) values (2, 'WHITE');
insert into animal_color (animal_id, color) values (4, 'WHITE');
insert into animal_color (animal_id, color) values (25, 'GRAY');
insert into animal_color (animal_id, color) values (9, 'BROWN');
insert into animal_color (animal_id, color) values (7, 'WHITE');
insert into animal_color (animal_id, color) values (24, 'BLACK');
insert into animal_color (animal_id, color) values (32, 'YELLOW');
insert into animal_color (animal_id, color) values (17, 'GRAY');

-- user_account data insert
INSERT INTO user_account (password, phone_number, address, gender, job, user_role, email, age) VALUES ('{noop}test', '01011111111', '목성', 1, '백수', 'USER', 'test@test', 15);

-- user_like data insert
insert into user_like (animal_id, user_account_id) values (8, 1);
insert into user_like (animal_id, user_account_id) values (28, 1);
insert into user_like (animal_id, user_account_id) values (5, 1);
insert into user_like (animal_id, user_account_id) values (13, 1);
insert into user_like (animal_id, user_account_id) values (9, 1);

-- application data insert
insert into application (animal_id, date, user_id, contents) values (1, '2024-01-01', 1, 'Implemented contextually-based strategy');
insert into application (animal_id, date, user_id, contents) values (2, '2024-01-20', 1, 'Upgradable foreground database');
