-- shelter data insert
insert into shelter (shelter_id, branch_name, contact, location, latitude, longitude) values (1, 'Renner LLC', '186-850-7866', 'Banzhong', 27.096969, 119.632262);
insert into shelter (shelter_id, branch_name, contact, location, latitude, longitude) values (2, 'Thompson-Hirthe', '768-360-8281', 'Dniprovka', 47.4303768, 34.6147082);
insert into shelter (shelter_id, branch_name, contact, location, latitude, longitude) values (3, 'Brown-Ryan', '421-163-9096', 'Fengjiang', 27.948308, 109.599191);
insert into shelter (shelter_id, branch_name, contact, location, latitude, longitude) values (4, 'Powlowski LLC', '270-274-5761', 'Pyatigorsk', 44.0300904, 43.1270513);
insert into shelter (shelter_id, branch_name, contact, location, latitude, longitude) values (5, 'Barton, Kunze and Leffler', '973-920-5870', 'Kosai-shi', 35.1684393, 138.6660042);
insert into shelter (shelter_id, branch_name, contact, location, latitude, longitude) values (6, 'Quitzon Inc', '625-810-8676', 'Pirot', 43.1557012, 22.5856811);
insert into shelter (shelter_id, branch_name, contact, location, latitude, longitude) values (7, 'Lind, Steuber and Price', '674-897-3639', 'Manūjān', 27.4475626, 57.5051616);
insert into shelter (shelter_id, branch_name, contact, location, latitude, longitude) values (8, 'Runolfsdottir-Fahey', '431-512-3274', 'Gostivar', 41.8036152, 20.9182981);
insert into shelter (shelter_id, branch_name, contact, location, latitude, longitude) values (9, 'Hermann LLC', '556-734-4790', 'Foros da Catrapona', 38.6031664, -9.0785922);
insert into shelter (shelter_id, branch_name, contact, location, latitude, longitude) values (10, 'Schmidt-Powlowski', '602-689-8540', 'Hamonggolele', -9.5808, 118.9951);
insert into shelter (shelter_id, branch_name, contact, location, latitude, longitude) values (11, 'Funk and Sons', '539-808-7155', 'Krzeszów', 50.7338713, 16.0708309);
insert into shelter (shelter_id, branch_name, contact, location, latitude, longitude) values (12, 'Hackett LLC', '318-239-9284', 'Campoverde', -8.4761212, -74.8068454);
insert into shelter (shelter_id, branch_name, contact, location, latitude, longitude) values (13, 'Schimmel, Doyle and Jacobs', '227-471-3498', 'Takeo', 10.9321519, 104.798771);
insert into shelter (shelter_id, branch_name, contact, location, latitude, longitude) values (14, 'Huel Inc', '602-837-4508', 'Phoenix', 33.45, -112.08);
insert into shelter (shelter_id, branch_name, contact, location, latitude, longitude) values (15, 'Bashirian-Wisozk', '637-804-1048', 'Bajia', 21.941555, 111.426122);
insert into shelter (shelter_id, branch_name, contact, location, latitude, longitude) values (16, 'Nolan-Bins', '681-739-1468', 'Brades', 16.7909044, -62.2106241);
insert into shelter (shelter_id, branch_name, contact, location, latitude, longitude) values (17, 'Pacocha, Pfannerstill and Jerde', '250-101-2297', 'Maydolong', 11.5013799, 125.5025812);
insert into shelter (shelter_id, branch_name, contact, location, latitude, longitude) values (18, 'Macejkovic-Muller', '742-635-2482', 'Milín', 49.6933676, 14.0095887);
insert into shelter (shelter_id, branch_name, contact, location, latitude, longitude) values (19, 'Streich-Pollich', '842-481-3149', 'Pagersari', -7.5475962, 110.2727965);
insert into shelter (shelter_id, branch_name, contact, location, latitude, longitude) values (20, 'Heller and Sons', '600-102-7197', 'Gongnong', 47.31878, 130.274684);
insert into shelter (shelter_id, branch_name, contact, location, latitude, longitude) values (21, 'D''Amore, Waters and Borer', '518-156-0506', 'Buriti Alegre', -18.1111446, -49.0009403);
insert into shelter (shelter_id, branch_name, contact, location, latitude, longitude) values (22, 'Collier, Beier and Kuhn', '925-871-6448', 'Weepanapi', -9.5739, 119.4456);
insert into shelter (shelter_id, branch_name, contact, location, latitude, longitude) values (23, 'Watsica-Schoen', '488-361-8601', 'Nanyuan', 39.7825, 116.3877778);
insert into shelter (shelter_id, branch_name, contact, location, latitude, longitude) values (24, 'Hartmann, Lowe and Rosenbaum', '536-329-4836', 'Calçada', 41.340135, -8.1456405);
insert into shelter (shelter_id, branch_name, contact, location, latitude, longitude) values (25, 'Stracke LLC', '493-799-2543', 'Vreshtas', 40.7977541, 20.776317);
insert into shelter (shelter_id, branch_name, contact, location, latitude, longitude) values (26, 'Prohaska, Spencer and Schowalter', '398-275-1753', 'Karanggeneng', -7.5173045, 110.5933862);
insert into shelter (shelter_id, branch_name, contact, location, latitude, longitude) values (27, 'Stanton-Ernser', '852-284-7512', 'Duayaw Nkwanta', 7.1796355, -2.1008486);
insert into shelter (shelter_id, branch_name, contact, location, latitude, longitude) values (28, 'Reilly-Schaden', '400-478-7243', 'Nevers', 46.990055, 3.160773);
insert into shelter (shelter_id, branch_name, contact, location, latitude, longitude) values (29, 'Labadie-Bode', '747-302-2881', 'Ugljan', 44.1316723, 15.1038874);
insert into shelter (shelter_id, branch_name, contact, location, latitude, longitude) values (30, 'Kris, Stiedemann and O''Keefe', '998-805-4761', 'Paris 18', 43.4945737, 5.8978018);
insert into shelter (shelter_id, branch_name, contact, location, latitude, longitude) values (31, 'Pacocha Group', '547-874-1697', 'Rila', 42.1256751, 23.1315864);
insert into shelter (shelter_id, branch_name, contact, location, latitude, longitude) values (32, 'Ryan-Fay', '840-411-7836', 'Vaiņode', 56.4177803, 21.8525134);
insert into shelter (shelter_id, branch_name, contact, location, latitude, longitude) values (33, 'Kuhic Inc', '453-913-8342', 'Malahide', 53.450694, -6.1479779);
insert into shelter (shelter_id, branch_name, contact, location, latitude, longitude) values (34, 'Thiel, Luettgen and Bahringer', '505-963-7157', 'Longtian', 28.018107, 111.945153);
insert into shelter (shelter_id, branch_name, contact, location, latitude, longitude) values (35, 'Nitzsche-Blanda', '557-313-0746', 'Jiebu', 29.097342, 91.847388);
insert into shelter (shelter_id, branch_name, contact, location, latitude, longitude) values (36, 'Rempel Group', '289-494-1777', 'Kalianget', -7.337694, 109.9094336);
insert into shelter (shelter_id, branch_name, contact, location, latitude, longitude) values (37, 'Grady-Bailey', '598-564-3826', 'Sukadami', -6.3636897, 107.1100534);
insert into shelter (shelter_id, branch_name, contact, location, latitude, longitude) values (38, 'Simonis LLC', '593-654-6230', 'Beigao', 25.33992, 119.148479);
insert into shelter (shelter_id, branch_name, contact, location, latitude, longitude) values (39, 'Beier, Kreiger and Gerlach', '663-474-6563', 'Guimarães', 41.4610499, -8.2673764);
insert into shelter (shelter_id, branch_name, contact, location, latitude, longitude) values (40, 'Kub, Nolan and Harris', '617-329-4406', 'Ha', 27.386227, 89.2776017);
insert into shelter (shelter_id, branch_name, contact, location, latitude, longitude) values (41, 'Jast-Kihn', '560-363-8328', 'Sinyavino', 59.9080511, 31.0722897);
insert into shelter (shelter_id, branch_name, contact, location, latitude, longitude) values (42, 'Howell-Sauer', '691-458-1310', 'Solec-Zdrój', 50.3657373, 20.8874542);
insert into shelter (shelter_id, branch_name, contact, location, latitude, longitude) values (43, 'Lynch Inc', '687-726-4092', 'Nanchoc', -6.9592677, -79.2420766);
insert into shelter (shelter_id, branch_name, contact, location, latitude, longitude) values (44, 'Zulauf-Kutch', '916-222-8079', 'Vårgårda', 59.2689705, 17.9879854);
insert into shelter (shelter_id, branch_name, contact, location, latitude, longitude) values (45, 'Ruecker-Thiel', '132-193-8004', 'Bajiao', 19.233277, 109.412626);
insert into shelter (shelter_id, branch_name, contact, location, latitude, longitude) values (46, 'Rice-Luettgen', '585-778-6868', 'Bodzanów', 52.4957047, 20.01446);
insert into shelter (shelter_id, branch_name, contact, location, latitude, longitude) values (47, 'Tromp, Rowe and Gleichner', '303-256-5724', 'Denver', 39.8786639, -104.6821048);
insert into shelter (shelter_id, branch_name, contact, location, latitude, longitude) values (48, 'Stoltenberg, Bednar and Barrows', '853-327-0960', 'Mozhga', 56.4441479, 52.2293876);
insert into shelter (shelter_id, branch_name, contact, location, latitude, longitude) values (49, 'Huels-Denesik', '331-616-5462', 'Ngulahan', -6.7659245, 111.5259628);
insert into shelter (shelter_id, branch_name, contact, location, latitude, longitude) values (50, 'Wiza Group', '709-756-8971', 'Vanadzor', 40.807399, 44.4970268);

-- animal data insert
insert into animal (age, check_up, is_neutralized, shelter_id, species, gender, image_url, size, breed, animal_id) values (3, 0, 1, 13, 'DOG', 'MALE', 'https://storage.googleapis.com/solution-challenge-bucket/dog-breeds/beagle/beagle1.jpg', 'LARGE', 'BEAGLE', 1);
insert into animal (age, check_up, is_neutralized, shelter_id, species, gender, image_url, size, breed, animal_id) values (1, 0, 1, 40, 'DOG', 'FEMALE', 'https://storage.googleapis.com/solution-challenge-bucket/dog-breeds/beagle/beagle1.jpg', 'MEDIUM', 'BEAGLE', 2);
insert into animal (age, check_up, is_neutralized, shelter_id, species, gender, image_url, size, breed, animal_id) values (11, 0, 1, 10, 'DOG', 'FEMALE', 'https://storage.googleapis.com/solution-challenge-bucket/dog-breeds/beagle/beagle1.jpg', 'MINIATURE', 'BEAGLE', 3);
insert into animal (age, check_up, is_neutralized, shelter_id, species, gender, image_url, size, breed, animal_id) values (7, 1, 0, 11, 'DOG', 'MALE', 'https://storage.googleapis.com/solution-challenge-bucket/dog-breeds/beagle/beagle1.jpg', 'SMALL', 'BEAGLE', 4);
insert into animal (age, check_up, is_neutralized, shelter_id, species, gender, image_url, size, breed, animal_id) values (2, 0, 1, 15, 'DOG', 'FEMALE', 'https://storage.googleapis.com/solution-challenge-bucket/dog-breeds/bulldog/bulldog1.jpg', 'EXTRA_LARGE', 'BULLDOG', 5);
insert into animal (age, check_up, is_neutralized, shelter_id, species, gender, image_url, size, breed, animal_id) values (8, 0, 1, 15, 'DOG', 'FEMALE', 'https://storage.googleapis.com/solution-challenge-bucket/dog-breeds/bulldog/bulldog1.jpg', 'LARGE', 'BULLDOG', 6);
insert into animal (age, check_up, is_neutralized, shelter_id, species, gender, image_url, size, breed, animal_id) values (1, 0, 1, 3, 'DOG', 'MALE', 'https://storage.googleapis.com/solution-challenge-bucket/dog-breeds/bulldog/bulldog1.jpg', 'MEDIUM', 'BULLDOG', 7);
insert into animal (age, check_up, is_neutralized, shelter_id, species, gender, image_url, size, breed, animal_id) values (7, 0, 0, 9, 'DOG', 'FEMALE', 'https://storage.googleapis.com/solution-challenge-bucket/dog-breeds/bulldog/bulldog1.jpg', 'MINIATURE', 'BULLDOG', 8);
insert into animal (age, check_up, is_neutralized, shelter_id, species, gender, image_url, size, breed, animal_id) values (8, 0, 1, 13, 'DOG', 'FEMALE', 'https://storage.googleapis.com/solution-challenge-bucket/dog-breeds/dalmatian/dalmatian1.jpg', 'SMALL', 'DALMATIAN', 9);
insert into animal (age, check_up, is_neutralized, shelter_id, species, gender, image_url, size, breed, animal_id) values (5, 1, 1, 32, 'DOG', 'FEMALE', 'https://storage.googleapis.com/solution-challenge-bucket/dog-breeds/dalmatian/dalmatian1.jpg', 'EXTRA_LARGE', 'DALMATIAN', 10);
insert into animal (age, check_up, is_neutralized, shelter_id, species, gender, image_url, size, breed, animal_id) values (7, 0, 0, 11, 'DOG', 'MALE', 'https://storage.googleapis.com/solution-challenge-bucket/dog-breeds/dalmatian/dalmatian1.jpg', 'LARGE', 'DALMATIAN', 11);
insert into animal (age, check_up, is_neutralized, shelter_id, species, gender, image_url, size, breed, animal_id) values (8, 1, 1, 13, 'DOG', 'FEMALE', 'https://storage.googleapis.com/solution-challenge-bucket/dog-breeds/dalmatian/dalmatian1.jpg', 'MEDIUM', 'DALMATIAN', 12);
insert into animal (age, check_up, is_neutralized, shelter_id, species, gender, image_url, size, breed, animal_id) values (7, 0, 1, 25, 'DOG', 'FEMALE', 'https://storage.googleapis.com/solution-challenge-bucket/dog-breeds/german-shepherd/german-shepherd1.jpg', 'MINIATURE', 'GERMAN_SHEPHERD', 13);
insert into animal (age, check_up, is_neutralized, shelter_id, species, gender, image_url, size, breed, animal_id) values (12, 1, 0, 9, 'DOG', 'FEMALE', 'https://storage.googleapis.com/solution-challenge-bucket/dog-breeds/german-shepherd/german-shepherd1.jpg', 'SMALL', 'GERMAN_SHEPHERD', 14);
insert into animal (age, check_up, is_neutralized, shelter_id, species, gender, image_url, size, breed, animal_id) values (12, 1, 0, 28, 'DOG', 'MALE', 'https://storage.googleapis.com/solution-challenge-bucket/dog-breeds/german-shepherd/german-shepherd1.jpg', 'EXTRA_LARGE', 'GERMAN_SHEPHERD', 15);
insert into animal (age, check_up, is_neutralized, shelter_id, species, gender, image_url, size, breed, animal_id) values (11, 1, 1, 15, 'DOG', 'FEMALE', 'https://storage.googleapis.com/solution-challenge-bucket/dog-breeds/german-shepherd/german-shepherd1.jpg', 'LARGE', 'GERMAN_SHEPHERD', 16);
insert into animal (age, check_up, is_neutralized, shelter_id, species, gender, image_url, size, breed, animal_id) values (3, 1, 1, 23, 'DOG', 'FEMALE', 'https://storage.googleapis.com/solution-challenge-bucket/dog-breeds/husky/husky1.jpg', 'MEDIUM', 'SIBERIAN_HUSKY', 17);
insert into animal (age, check_up, is_neutralized, shelter_id, species, gender, image_url, size, breed, animal_id) values (2, 1, 0, 17, 'DOG', 'MALE', 'https://storage.googleapis.com/solution-challenge-bucket/dog-breeds/husky/husky1.jpg', 'MINIATURE', 'SIBERIAN_HUSKY', 18);
insert into animal (age, check_up, is_neutralized, shelter_id, species, gender, image_url, size, breed, animal_id) values (1, 0, 1, 37, 'DOG', 'MALE', 'https://storage.googleapis.com/solution-challenge-bucket/dog-breeds/husky/husky1.jpg', 'SMALL', 'SIBERIAN_HUSKY', 19);
insert into animal (age, check_up, is_neutralized, shelter_id, species, gender, image_url, size, breed, animal_id) values (5, 0, 1, 22, 'DOG', 'MALE', 'https://storage.googleapis.com/solution-challenge-bucket/dog-breeds/husky/husky1.jpg', 'EXTRA_LARGE', 'SIBERIAN_HUSKY', 20);
insert into animal (age, check_up, is_neutralized, shelter_id, species, gender, image_url, size, breed, animal_id) values (1, 1, 0, 17, 'DOG', 'MALE', 'https://storage.googleapis.com/solution-challenge-bucket/dog-breeds/labrador-retriever/labrador-retriever1.jpg', 'LARGE', 'LABRADOR_RETRIEVER', 21);
insert into animal (age, check_up, is_neutralized, shelter_id, species, gender, image_url, size, breed, animal_id) values (3, 1, 0, 40, 'DOG', 'MALE', 'https://storage.googleapis.com/solution-challenge-bucket/dog-breeds/labrador-retriever/labrador-retriever1.jpg', 'MEDIUM', 'LABRADOR_RETRIEVER', 22);
insert into animal (age, check_up, is_neutralized, shelter_id, species, gender, image_url, size, breed, animal_id) values (9, 1, 0, 43, 'DOG', 'FEMALE', 'https://storage.googleapis.com/solution-challenge-bucket/dog-breeds/labrador-retriever/labrador-retriever1.jpg', 'MINIATURE', 'LABRADOR_RETRIEVER', 23);
insert into animal (age, check_up, is_neutralized, shelter_id, species, gender, image_url, size, breed, animal_id) values (9, 1, 0, 24, 'DOG', 'FEMALE', 'https://storage.googleapis.com/solution-challenge-bucket/dog-breeds/labrador-retriever/labrador-retriever1.jpg', 'SMALL', 'LABRADOR_RETRIEVER', 24);
insert into animal (age, check_up, is_neutralized, shelter_id, species, gender, image_url, size, breed, animal_id) values (11, 0, 0, 29, 'DOG', 'FEMALE', 'https://storage.googleapis.com/solution-challenge-bucket/dog-breeds/poodle/poodle1.jpg', 'EXTRA_LARGE', 'POODLE', 25);
insert into animal (age, check_up, is_neutralized, shelter_id, species, gender, image_url, size, breed, animal_id) values (9, 0, 1, 39, 'DOG', 'FEMALE', 'https://storage.googleapis.com/solution-challenge-bucket/dog-breeds/poodle/poodle1.jpg', 'LARGE', 'POODLE', 26);
insert into animal (age, check_up, is_neutralized, shelter_id, species, gender, image_url, size, breed, animal_id) values (7, 0, 0, 6, 'DOG', 'FEMALE', 'https://storage.googleapis.com/solution-challenge-bucket/dog-breeds/poodle/poodle1.jpg', 'MEDIUM', 'POODLE', 27);
insert into animal (age, check_up, is_neutralized, shelter_id, species, gender, image_url, size, breed, animal_id) values (10, 1, 0, 9, 'DOG', 'MALE', 'https://storage.googleapis.com/solution-challenge-bucket/dog-breeds/poodle/poodle1.jpg', 'MINIATURE', 'POODLE', 28);
insert into animal (age, check_up, is_neutralized, shelter_id, species, gender, image_url, size, breed, animal_id) values (4, 1, 0, 9, 'DOG', 'FEMALE', 'https://storage.googleapis.com/solution-challenge-bucket/dog-breeds/rottweiler/rottweiler1.jpg', 'SMALL', 'ROTTWEILER', 29);
insert into animal (age, check_up, is_neutralized, shelter_id, species, gender, image_url, size, breed, animal_id) values (9, 1, 1, 15, 'DOG', 'FEMALE', 'https://storage.googleapis.com/solution-challenge-bucket/dog-breeds/rottweiler/rottweiler1.jpg', 'EXTRA_LARGE', 'ROTTWEILER', 30);
insert into animal (age, check_up, is_neutralized, shelter_id, species, gender, image_url, size, breed, animal_id) values (2, 0, 1, 40, 'DOG', 'FEMALE', 'https://storage.googleapis.com/solution-challenge-bucket/dog-breeds/rottweiler/rottweiler1.jpg', 'LARGE', 'ROTTWEILER', 31);
insert into animal (age, check_up, is_neutralized, shelter_id, species, gender, image_url, size, breed, animal_id) values (2, 0, 1, 22, 'DOG', 'FEMALE', 'https://storage.googleapis.com/solution-challenge-bucket/dog-breeds/rottweiler/rottweiler1.jpg', 'MEDIUM', 'ROTTWEILER', 32);

-- animal color data insert
insert into animal_color (animal_id, color) values (28, 'WHITE');
insert into animal_color (animal_id, color) values (23, 'WHITE');
insert into animal_color (animal_id, color) values (31, 'YELLOW');
insert into animal_color (animal_id, color) values (9, 'WHITE');
insert into animal_color (animal_id, color) values (29, 'BROWN');
insert into animal_color (animal_id, color) values (9, 'BLACK');
insert into animal_color (animal_id, color) values (20, 'BROWN');
insert into animal_color (animal_id, color) values (16, 'BROWN');
insert into animal_color (animal_id, color) values (28, 'BROWN');
insert into animal_color (animal_id, color) values (10, 'WHITE');
insert into animal_color (animal_id, color) values (32, 'YELLOW');
insert into animal_color (animal_id, color) values (14, 'YELLOW');
insert into animal_color (animal_id, color) values (27, 'GRAY');
insert into animal_color (animal_id, color) values (15, 'BLACK');
insert into animal_color (animal_id, color) values (6, 'BLACK');
insert into animal_color (animal_id, color) values (28, 'BLACK');
insert into animal_color (animal_id, color) values (29, 'GRAY');
insert into animal_color (animal_id, color) values (12, 'WHITE');
insert into animal_color (animal_id, color) values (26, 'YELLOW');
insert into animal_color (animal_id, color) values (16, 'BLACK');
insert into animal_color (animal_id, color) values (19, 'BLACK');
insert into animal_color (animal_id, color) values (25, 'YELLOW');
insert into animal_color (animal_id, color) values (20, 'WHITE');
insert into animal_color (animal_id, color) values (18, 'WHITE');
insert into animal_color (animal_id, color) values (14, 'BROWN');
insert into animal_color (animal_id, color) values (11, 'GRAY');
insert into animal_color (animal_id, color) values (30, 'BROWN');
insert into animal_color (animal_id, color) values (4, 'BROWN');
insert into animal_color (animal_id, color) values (7, 'BROWN');
insert into animal_color (animal_id, color) values (26, 'YELLOW');
insert into animal_color (animal_id, color) values (26, 'BLACK');
insert into animal_color (animal_id, color) values (19, 'BROWN');
insert into animal_color (animal_id, color) values (16, 'WHITE');
insert into animal_color (animal_id, color) values (2, 'BROWN');
insert into animal_color (animal_id, color) values (3, 'WHITE');
insert into animal_color (animal_id, color) values (18, 'BROWN');
insert into animal_color (animal_id, color) values (22, 'GRAY');
insert into animal_color (animal_id, color) values (25, 'YELLOW');
insert into animal_color (animal_id, color) values (29, 'WHITE');
insert into animal_color (animal_id, color) values (22, 'WHITE');
insert into animal_color (animal_id, color) values (1, 'BLACK');
insert into animal_color (animal_id, color) values (21, 'GRAY');
insert into animal_color (animal_id, color) values (17, 'BLACK');
insert into animal_color (animal_id, color) values (28, 'BLACK');
insert into animal_color (animal_id, color) values (30, 'BROWN');
insert into animal_color (animal_id, color) values (23, 'BROWN');
insert into animal_color (animal_id, color) values (31, 'BROWN');
insert into animal_color (animal_id, color) values (5, 'YELLOW');
insert into animal_color (animal_id, color) values (31, 'GRAY');
insert into animal_color (animal_id, color) values (27, 'BLACK');
insert into animal_color (animal_id, color) values (28, 'YELLOW');
insert into animal_color (animal_id, color) values (32, 'WHITE');
insert into animal_color (animal_id, color) values (20, 'BLACK');
insert into animal_color (animal_id, color) values (30, 'BLACK');
insert into animal_color (animal_id, color) values (7, 'WHITE');
insert into animal_color (animal_id, color) values (28, 'GRAY');
insert into animal_color (animal_id, color) values (4, 'GRAY');
insert into animal_color (animal_id, color) values (8, 'BROWN');
insert into animal_color (animal_id, color) values (23, 'WHITE');
insert into animal_color (animal_id, color) values (19, 'WHITE');
insert into animal_color (animal_id, color) values (2, 'WHITE');
insert into animal_color (animal_id, color) values (4, 'WHITE');
insert into animal_color (animal_id, color) values (25, 'GRAY');
insert into animal_color (animal_id, color) values (9, 'BROWN');
insert into animal_color (animal_id, color) values (7, 'WHITE');
insert into animal_color (animal_id, color) values (24, 'BLACK');
insert into animal_color (animal_id, color) values (32, 'YELLOW');
insert into animal_color (animal_id, color) values (17, 'GRAY');

-- user_account data insert
INSERT INTO user_account (password, phone_number, address, gender, job, user_role, email, age) VALUES ('{noop}test', '01011111111', '목성', 1, '백수', 'USER', 'test@test', 15);

-- user_like data insert
insert into user_like (animal_id, user_account_id) values (8, 1);
insert into user_like (animal_id, user_account_id) values (28, 1);
insert into user_like (animal_id, user_account_id) values (5, 1);
insert into user_like (animal_id, user_account_id) values (13, 1);
insert into user_like (animal_id, user_account_id) values (9, 1);
